link_seq_id,link_id,base_s0_link_type,from_node_id,to_node_id,geometry,distance_km,distance_mile,fftt,free_speed_base_mode,link_specific_speed_diff,capacity_base_mode,link_specific_capacity_diff,meso_link_id,tmc,tmc_corridor_name,tmc_corridor_id,tmc_road_order,tmc_road_sequence,subarea_id,lanes_s0,link_type_s0,free_speed_s0,capacity_s0,lanes_p1_s0_auto,lanes_p2_s0_auto,VOL_p1_s0_auto,VOL_p2_s0_auto,MEU_p1_s0_auto,MEU_p2_s0_auto,CAP_p1_s0_auto,CAP_p2_s0_auto,PEN_p1_s0_auto,PEN_p2_s0_auto,DOC_p1_s0_auto,DOC_p2_s0_auto,TT_p1_s0_auto,TT_p2_s0_auto,CO2_p1_s0_auto,CO2_p2_s0_auto,NOX_p1_s0_auto,NOX_p2_s0_auto,VOL_am_2025_auto,MEU_am_2025_auto,CAP_am_2025_auto,PEN_am_2025_auto,DOC_am_2025_auto,TT_am_2025_auto,CO2_am_2025_auto,NOX_am_2025_auto,VOL_md_2025_auto,MEU_md_2025_auto,CAP_md_2025_auto,PEN_md_2025_auto,DOC_md_2025_auto,TT_md_2025_auto,CO2_md_2025_auto,NOX_md_2025_auto,
1,1,motorway,1,2,"LINESTRING (-96.770451 43.612565, -96.711282 43.605550)",6.000000,3.729024,6.000000,60.000000,0.000000,25900.200640,23900.200640,-1,,network_wide,-1,0,-1,-1,1.0,motorway,60.0,25900.2,1.0,1.0,4557.1,1520.0,4557.1,1520.0,25900.2,25900.2,0.0,0.0,0.1759,0.0587,6.0,6.0,9472.2,3159.5,2.5,0.8,4557.1,4557.1,25900.201,0.000,0.1759,6.001,9472.152,2.522,1520.0,1520.0,25900.201,0.000,0.0587,6.000,3159.470,0.841,
2,2,motorway,1,3,"LINESTRING (-96.770683 43.612854, -96.774567 43.572987)",4.000000,2.486016,4.000000,60.000000,0.000000,23403.473190,21403.473190,-1,,network_wide,-1,0,-1,-1,1.0,motorway,60.0,23403.5,1.0,1.0,8171.2,2400.0,8171.2,2400.0,23403.5,23403.5,0.0,0.0,0.3491,0.1025,4.0,4.0,11318.1,3325.7,3.0,0.9,8171.2,8171.2,23403.473,0.000,0.3491,4.009,11318.087,3.011,2400.0,2400.0,23403.473,0.000,0.1025,4.000,3325.748,0.886,
3,3,motorway,2,1,"LINESTRING (-96.711219 43.606076, -96.770389 43.613091)",6.000000,3.729024,6.000000,60.000000,0.000000,25900.200640,23900.200640,-1,,network_wide,-1,0,-1,-1,1.0,motorway,60.0,25900.2,1.0,1.0,4571.2,1520.0,4571.2,1520.0,25900.2,25900.2,0.0,0.0,0.1765,0.0587,6.0,6.0,9501.4,3159.5,2.5,0.8,4571.2,4571.2,25900.201,0.000,0.1765,6.001,9501.356,2.530,1520.0,1520.0,25900.201,0.000,0.0587,6.000,3159.470,0.841,
4,4,motorway,2,6,"LINESTRING (-96.711515 43.605819, -96.711909 43.587591)",5.000000,3.107520,5.000000,60.000000,0.000000,4958.180928,2958.180928,-1,,network_wide,-1,0,-1,-1,1.0,motorway,60.0,4958.2,1.0,1.0,5945.0,2640.0,5945.0,2640.0,4958.2,4958.2,0.0,0.0,1.1990,0.5325,6.6,5.1,10320.0,4562.7,2.4,1.2,5945.0,5945.0,4958.181,0.000,1.1990,6.550,10320.013,2.405,2640.0,2640.0,4958.181,0.000,0.5325,5.060,4562.655,1.208,
5,5,motorway,3,1,"LINESTRING (-96.774040 43.572936, -96.770156 43.612802)",4.000000,2.486016,4.000000,60.000000,0.000000,23403.473190,21403.473190,-1,,network_wide,-1,0,-1,-1,1.0,motorway,60.0,23403.5,1.0,1.0,8157.1,2400.0,8157.1,2400.0,23403.5,23403.5,0.0,0.0,0.3485,0.1025,4.0,4.0,11298.7,3325.7,3.0,0.9,8157.1,8157.1,23403.473,0.000,0.3485,4.009,11298.657,3.005,2400.0,2400.0,23403.473,0.000,0.1025,4.000,3325.748,0.886,
6,6,motorway,3,4,"LINESTRING (-96.774389 43.572711, -96.747254 43.563403)",4.000000,2.486016,4.000000,60.000000,0.000000,17110.523720,15110.523720,-1,,network_wide,-1,0,-1,-1,1.0,motorway,60.0,17110.5,1.0,1.0,14197.8,4080.0,14197.8,4080.0,17110.5,17110.5,0.0,0.0,0.8298,0.2384,4.3,4.0,19492.6,5653.2,5.0,1.5,14197.8,14197.8,17110.524,0.000,0.8298,4.284,19492.598,5.016,4080.0,4080.0,17110.524,0.000,0.2384,4.002,5653.245,1.505,
7,7,motorway,3,12,"LINESTRING (-96.774563 43.573014, -96.780396 43.543993)",4.000000,2.486016,4.000000,60.000000,0.000000,23403.473190,21403.473190,-1,,network_wide,-1,0,-1,-1,1.0,motorway,60.0,23403.5,1.0,1.0,10182.9,2720.0,10182.9,2720.0,23403.5,23403.5,0.0,0.0,0.4351,0.1162,4.0,4.0,14096.1,3769.2,3.7,1.0,10182.9,10182.9,23403.473,0.000,0.4351,4.022,14096.127,3.744,2720.0,2720.0,23403.473,0.000,0.1162,4.000,3769.174,1.004,
8,8,motorway,4,3,"LINESTRING (-96.747083 43.563904, -96.774217 43.573212)",4.000000,2.486016,4.000000,60.000000,0.000000,17110.523720,15110.523720,-1,,network_wide,-1,0,-1,-1,1.0,motorway,60.0,17110.5,1.0,1.0,14223.9,4080.0,14223.9,4080.0,17110.5,17110.5,0.0,0.0,0.8313,0.2384,4.3,4.0,19527.7,5653.2,5.0,1.5,14223.9,14223.9,17110.524,0.000,0.8313,4.287,19527.727,5.024,4080.0,4080.0,17110.524,0.000,0.2384,4.002,5653.246,1.505,
9,9,motorway,4,5,"LINESTRING (-96.747162 43.563389, -96.731563 43.563769)",2.000000,1.243008,2.000000,60.000000,0.000000,17782.794100,15782.794100,-1,,network_wide,-1,0,-1,-1,1.0,motorway,60.0,17782.8,1.0,1.0,18197.8,6110.4,18197.8,6110.4,17782.8,17782.8,0.0,0.0,1.0233,0.3436,2.3,2.0,12476.5,4232.0,3.1,1.1,18197.8,18197.8,17782.794,0.000,1.0233,2.329,12476.525,3.081,6110.4,6110.4,17782.794,0.000,0.3436,2.004,4231.950,1.126,
10,10,motorway,4,11,"LINESTRING (-96.747433 43.563649, -96.747105 43.544126)",6.000000,3.729024,6.000000,60.000000,0.000000,4908.826730,2908.826730,-1,,network_wide,-1,0,-1,-1,1.0,motorway,60.0,4908.8,1.0,1.0,5200.0,2609.6,5200.0,2609.6,4908.8,4908.8,0.0,0.0,1.0593,0.5316,7.1,6.1,10707.4,5412.2,2.6,1.4,5200.0,5200.0,4908.827,0.000,1.0593,7.133,10707.393,2.617,2609.6,2609.6,4908.827,0.000,0.5316,6.072,5412.196,1.433,
11,11,motorway,5,4,"LINESTRING (-96.731576 43.564298, -96.747175 43.563918)",2.000000,1.243008,2.000000,60.000000,0.000000,17782.794100,15782.794100,-1,,network_wide,-1,0,-1,-1,1.0,motorway,60.0,17782.8,1.0,1.0,18223.9,6116.2,18223.9,6116.2,17782.8,17782.8,0.0,0.0,1.0248,0.3439,2.3,2.0,12494.9,4236.0,3.1,1.1,18223.9,18223.9,17782.794,0.000,1.0248,2.331,12494.851,3.084,6116.2,6116.2,17782.794,0.000,0.3439,2.004,4235.960,1.127,
12,12,motorway,5,6,"LINESTRING (-96.731367 43.563863, -96.711442 43.587414)",4.000000,2.486016,4.000000,60.000000,0.000000,4947.995469,2947.995469,-1,,network_wide,-1,0,-1,-1,1.0,motorway,60.0,4948.0,1.0,1.0,8761.8,4800.0,8761.8,4800.0,4948.0,4948.0,0.0,0.0,1.7708,0.9701,9.9,4.5,15655.2,6577.5,2.7,1.6,8761.8,8761.8,4947.995,0.000,1.7708,9.899,15655.188,2.669,4800.0,4800.0,4947.995,0.000,0.9701,4.531,6577.541,1.647,
13,13,motorway,5,9,"LINESTRING (-96.731834 43.564028, -96.731506 43.548591)",5.000000,3.107520,5.000000,60.000000,0.000000,10000.000000,8000.000000,-1,,network_wide,-1,0,-1,-1,1.0,motorway,60.0,10000.0,1.0,1.0,15799.6,3830.4,15799.6,3830.4,10000.0,10000.0,0.0,0.0,1.5800,0.3830,9.7,5.0,31097.4,6630.7,6.0,1.8,15799.6,15799.6,10000.000,0.000,1.5800,9.673,31097.420,5.975,3830.4,3830.4,10000.000,0.000,0.3830,5.016,6630.705,1.763,
14,14,motorway,6,2,"LINESTRING (-96.711379 43.587580, -96.710986 43.605807)",5.000000,3.107520,5.000000,60.000000,0.000000,4958.180928,2958.180928,-1,,network_wide,-1,0,-1,-1,1.0,motorway,60.0,4958.2,1.0,1.0,5959.0,2640.0,5959.0,2640.0,4958.2,4958.2,0.0,0.0,1.2019,0.5325,6.6,5.1,10348.4,4562.7,2.4,1.2,5959.0,5959.0,4958.181,0.000,1.2019,6.565,10348.353,2.409,2640.0,2640.0,4958.181,0.000,0.5325,5.060,4562.655,1.208,
15,15,motorway,6,5,"LINESTRING (-96.711846 43.587757, -96.731771 43.564205)",4.000000,2.486016,4.000000,60.000000,0.000000,4947.995469,2947.995469,-1,,network_wide,-1,0,-1,-1,1.0,motorway,60.0,4948.0,1.0,1.0,8774.2,4800.0,8774.2,4800.0,4948.0,4948.0,0.0,0.0,1.7733,0.9701,9.9,4.5,15707.5,6577.5,2.7,1.6,8774.2,8774.2,4947.995,0.000,1.7733,9.933,15707.529,2.673,4800.0,4800.0,4947.995,0.000,0.9701,4.531,6577.541,1.647,
16,16,motorway,6,8,"LINESTRING (-96.711909 43.587583, -96.711647 43.562321)",2.000000,1.243008,2.000000,60.000000,0.000000,4898.587646,2898.587646,-1,,network_wide,-1,0,-1,-1,1.0,motorway,60.0,4898.6,1.0,1.0,12518.9,6400.0,12518.9,6400.0,4898.6,4898.6,0.0,0.0,2.5556,1.3065,14.8,2.9,25173.4,4531.6,2.8,1.0,12518.9,12518.9,4898.588,0.000,2.5556,14.797,25173.388,2.767,6400.0,6400.0,4898.588,0.000,1.3065,2.874,4531.562,1.009,
17,17,motorway,7,8,"LINESTRING (-96.693445 43.564107, -96.711404 43.562588)",3.000000,1.864512,3.000000,60.000000,0.000000,7841.811310,5841.811310,-1,,network_wide,-1,0,-1,-1,1.0,motorway,60.0,7841.8,1.0,1.0,12109.4,3480.0,12109.4,3480.0,7841.8,7841.8,0.0,0.0,1.5442,0.4438,5.6,3.0,14032.5,3612.7,2.8,1.0,12109.4,12109.4,7841.811,0.000,1.5442,5.559,14032.523,2.754,3480.0,3480.0,7841.811,0.000,0.4438,3.017,3612.702,0.959,
18,18,motorway,7,18,"LINESTRING (-96.693687 43.563854, -96.694343 43.546754)",2.000000,1.243008,2.000000,60.000000,0.000000,23403.473190,21403.473190,-1,,network_wide,-1,0,-1,-1,1.0,motorway,60.0,23403.5,1.0,1.0,15931.3,5040.0,15931.3,5040.0,23403.5,23403.5,0.0,0.0,0.6807,0.2154,2.1,2.0,10979.5,3491.8,2.9,0.9,15931.3,15931.3,23403.473,0.000,0.6807,2.064,10979.451,2.878,5040.0,5040.0,23403.473,0.000,0.2154,2.001,3491.823,0.930,
19,19,motorway,8,6,"LINESTRING (-96.711117 43.562327, -96.711379 43.587588)",2.000000,1.243008,2.000000,60.000000,0.000000,4898.587646,2898.587646,-1,,network_wide,-1,0,-1,-1,1.0,motorway,60.0,4898.6,1.0,1.0,12545.3,6400.0,12545.3,6400.0,4898.6,4898.6,0.0,0.0,2.5610,1.3065,14.9,2.9,25385.2,4531.6,2.8,1.0,12545.3,12545.3,4898.588,0.000,2.5610,14.905,25385.247,2.784,6400.0,6400.0,4898.588,0.000,1.3065,2.874,4531.562,1.009,
20,20,motorway,8,7,"LINESTRING (-96.711359 43.562060, -96.693400 43.563580)",3.000000,1.864512,3.000000,60.000000,0.000000,7841.811310,5841.811310,-1,,network_wide,-1,0,-1,-1,1.0,motorway,60.0,7841.8,1.0,1.0,12054.6,3480.0,12054.6,3480.0,7841.8,7841.8,0.0,0.0,1.5372,0.4438,5.5,3.0,13920.0,3612.7,2.7,1.0,12054.6,12054.6,7841.811,0.000,1.5372,5.513,13920.024,2.744,3480.0,3480.0,7841.811,0.000,0.4438,3.017,3612.702,0.959,
21,21,motorway,8,9,"LINESTRING (-96.711532 43.562542, -96.731392 43.548814)",10.000000,6.215040,10.000000,60.000000,0.000000,5050.193156,3050.193156,-1,,network_wide,-1,0,-1,-1,1.0,motorway,60.0,5050.2,1.0,1.0,6873.8,560.0,6873.8,560.0,5050.2,5050.2,0.0,0.0,1.3611,0.1109,15.1,10.0,24685.8,1940.0,5.4,0.5,6873.8,6873.8,5050.193,0.000,1.3611,15.148,24685.842,5.354,560.0,560.0,5050.193,0.000,0.1109,10.000,1940.017,0.517,
22,22,motorway,8,16,"LINESTRING (-96.711647 43.562324, -96.711647 43.546744)",5.000000,3.107520,5.000000,60.000000,0.000000,5045.822583,3045.822583,-1,,network_wide,-1,0,-1,-1,1.0,motorway,60.0,5045.8,1.0,1.0,8395.9,5200.0,8395.9,5200.0,5045.8,5045.8,0.0,0.0,1.6639,1.0306,10.7,5.8,17380.7,8914.5,3.2,2.2,8395.9,8395.9,5045.823,0.000,1.6639,10.749,17380.688,3.171,5200.0,5200.0,5045.823,0.000,1.0306,5.846,8914.450,2.197,
23,23,motorway,9,5,"LINESTRING (-96.730977 43.548602, -96.731304 43.564039)",5.000000,3.107520,5.000000,60.000000,0.000000,10000.000000,8000.000000,-1,,network_wide,-1,0,-1,-1,1.0,motorway,60.0,10000.0,1.0,1.0,15813.3,3836.2,15813.3,3836.2,10000.0,10000.0,0.0,0.0,1.5813,0.3836,9.7,5.0,31148.1,6640.7,6.0,1.8,15813.3,15813.3,10000.000,0.000,1.5813,9.690,31148.055,5.980,3836.2,3836.2,10000.000,0.000,0.3836,5.016,6640.716,1.766,
24,24,motorway,9,8,"LINESTRING (-96.731091 43.548379, -96.711231 43.562106)",10.000000,6.215040,10.000000,60.000000,0.000000,5050.193156,3050.193156,-1,,network_wide,-1,0,-1,-1,1.0,motorway,60.0,5050.2,1.0,1.0,6831.6,560.0,6831.6,560.0,5050.2,5050.2,0.0,0.0,1.3527,0.1109,15.0,10.0,24475.7,1940.0,5.3,0.5,6831.6,6831.6,5050.193,0.000,1.3527,15.023,24475.700,5.330,560.0,560.0,5050.193,0.000,0.1109,10.000,1940.017,0.517,
25,25,motorway,9,10,"LINESTRING (-96.731506 43.548612, -96.731702 43.545287)",3.000000,1.864512,3.000000,60.000000,0.000000,13915.788420,11915.788420,-1,,network_wide,-1,0,-1,-1,1.0,motorway,60.0,13915.8,1.0,1.0,21768.0,7590.4,21768.0,7590.4,13915.8,13915.8,0.0,0.0,1.5643,0.5455,5.7,3.0,25489.4,7869.3,4.9,2.1,21768.0,21768.0,13915.788,0.000,1.5643,5.694,25489.385,4.944,7590.4,7590.4,13915.788,0.000,0.5455,3.040,7869.347,2.082,
26,26,motorway,10,9,"LINESTRING (-96.731174 43.545255, -96.730977 43.548581)",3.000000,1.864512,3.000000,60.000000,0.000000,13915.788420,11915.788420,-1,,network_wide,-1,0,-1,-1,1.0,motorway,60.0,13915.8,1.0,1.0,21839.5,7636.2,21839.5,7636.2,13915.8,13915.8,0.0,0.0,1.5694,0.5487,5.7,3.0,25643.6,7916.4,5.0,2.1,21839.5,21839.5,13915.788,0.000,1.5694,5.730,25643.648,4.959,7636.2,7636.2,13915.788,0.000,0.5487,3.041,7916.391,2.094,
27,27,motorway,10,11,"LINESTRING (-96.731458 43.545535, -96.746860 43.544395)",5.000000,3.107520,5.000000,60.000000,0.000000,10000.000000,8000.000000,-1,,network_wide,-1,0,-1,-1,1.0,motorway,60.0,10000.0,1.0,1.0,17723.7,7358.5,17723.7,7358.5,10000.0,10000.0,0.0,0.0,1.7724,0.7359,12.4,5.2,39633.2,12659.9,6.7,3.3,17723.7,17723.7,10000.000,0.000,1.7724,12.401,39633.188,6.749,7358.5,7358.5,10000.000,0.000,0.7359,5.220,12659.869,3.300,
28,28,motorway,10,15,"LINESTRING (-96.731703 43.545272, -96.731768 43.529402)",6.000000,3.729024,6.000000,60.000000,0.000000,13512.001550,11512.001550,-1,,network_wide,-1,0,-1,-1,1.0,motorway,60.0,13512.0,1.0,1.0,23128.3,6787.5,23128.3,6787.5,13512.0,13512.0,0.0,0.0,1.7117,0.5023,13.7,6.1,59344.2,14083.0,10.5,3.7,23128.3,23128.3,13512.002,0.000,1.7117,13.726,59344.165,10.506,6787.5,6787.5,13512.002,0.000,0.5023,6.057,14082.979,3.732,
29,29,motorway,10,16,"LINESTRING (-96.731419 43.545007, -96.711362 43.546480)",4.000000,2.486016,4.000000,60.000000,0.000000,4854.917717,2854.917717,-1,,network_wide,-1,0,-1,-1,1.0,motorway,60.0,4854.9,1.0,1.0,11050.5,6682.2,11050.5,6682.2,4854.9,4854.9,0.0,0.0,2.2761,1.3764,20.1,6.2,32279.3,9643.2,4.0,2.1,11050.5,11050.5,4854.918,0.000,2.2761,20.105,32279.344,4.049,6682.2,6682.2,4854.918,0.000,1.3764,6.153,9643.215,2.076,
30,30,motorway,10,17,"LINESTRING (-96.731490 43.545011, -96.711433 43.541020)",8.000000,4.972032,8.000000,60.000000,0.000000,4993.510694,2993.510694,-1,,network_wide,-1,0,-1,-1,1.0,motorway,60.0,4993.5,1.0,1.0,8100.0,2560.0,8100.0,2560.0,4993.5,4993.5,0.0,0.0,1.6221,0.5127,16.3,8.1,26135.4,7081.1,4.9,1.9,8100.0,8100.0,4993.511,0.000,1.6221,16.308,26135.404,4.894,2560.0,2560.0,4993.511,0.000,0.5127,8.083,7081.132,1.876,
31,31,motorway,11,4,"LINESTRING (-96.746576 43.544135, -96.746904 43.563658)",6.000000,3.729024,6.000000,60.000000,0.000000,4908.826730,2908.826730,-1,,network_wide,-1,0,-1,-1,1.0,motorway,60.0,4908.8,1.0,1.0,5300.0,2643.8,5300.0,2643.8,4908.8,4908.8,0.0,0.0,1.0797,0.5386,7.2,6.1,10923.3,5482.5,2.7,1.5,5300.0,5300.0,4908.827,0.000,1.0797,7.223,10923.338,2.654,2643.8,2643.8,4908.827,0.000,0.5386,6.076,5482.523,1.451,
32,32,motorway,11,10,"LINESTRING (-96.746821 43.543867, -96.731418 43.545007)",5.000000,3.107520,5.000000,60.000000,0.000000,10000.000000,8000.000000,-1,,network_wide,-1,0,-1,-1,1.0,motorway,60.0,10000.0,1.0,1.0,17604.5,7279.2,17604.5,7279.2,10000.0,10000.0,0.0,0.0,1.7604,0.7279,12.2,5.2,39009.8,12526.1,6.7,3.3,17604.5,17604.5,10000.000,0.000,1.7604,12.204,39009.752,6.694,7279.2,7279.2,10000.000,0.000,0.7279,5.211,12526.123,3.268,
33,33,motorway,11,12,"LINESTRING (-96.746842 43.544395, -96.780138 43.544205)",6.000000,3.729024,6.000000,60.000000,0.000000,4908.826730,2908.826730,-1,,network_wide,-1,0,-1,-1,1.0,motorway,60.0,4908.8,1.0,1.0,8353.2,4330.2,8353.2,4330.2,4908.8,4908.8,0.0,0.0,1.7017,0.8821,13.5,6.5,21283.4,8907.5,3.8,2.3,8353.2,8353.2,4908.827,0.000,1.7017,13.546,21283.353,3.792,4330.2,4330.2,4908.827,0.000,0.8821,6.545,8907.480,2.272,
34,34,motorway,11,14,"LINESTRING (-96.747096 43.544203, -96.751290 43.529378)",4.000000,2.486016,4.000000,60.000000,0.000000,4876.508287,2876.508287,-1,,network_wide,-1,0,-1,-1,1.0,motorway,60.0,4876.5,1.0,1.0,9781.7,5489.3,9781.7,5489.3,4876.5,4876.5,0.0,0.0,2.0059,1.1257,13.7,5.0,21493.4,7564.6,3.2,1.8,9781.7,9781.7,4876.508,0.000,2.0059,13.714,21493.373,3.153,5489.3,5489.3,4876.508,0.000,1.1257,4.963,7564.612,1.811,
35,35,motorway,12,3,"LINESTRING (-96.779877 43.543888, -96.774044 43.572909)",4.000000,2.486016,4.000000,60.000000,0.000000,23403.473190,21403.473190,-1,,network_wide,-1,0,-1,-1,1.0,motorway,60.0,23403.5,1.0,1.0,10142.8,2720.0,10142.8,2720.0,23403.5,23403.5,0.0,0.0,0.4334,0.1162,4.0,4.0,14040.8,3769.2,3.7,1.0,10142.8,10142.8,23403.473,0.000,0.4334,4.021,14040.750,3.729,2720.0,2720.0,23403.473,0.000,0.1162,4.000,3769.173,1.004,
36,36,motorway,12,11,"LINESTRING (-96.780135 43.543676, -96.746839 43.543866)",6.000000,3.729024,6.000000,60.000000,0.000000,4908.826730,2908.826730,-1,,network_wide,-1,0,-1,-1,1.0,motorway,60.0,4908.8,1.0,1.0,8392.6,4318.9,8392.6,4318.9,4908.8,4908.8,0.0,0.0,1.7097,0.8798,13.7,6.5,21503.9,8884.7,3.8,2.3,8392.6,8392.6,4908.827,0.000,1.7097,13.690,21503.897,3.812,4318.9,4318.9,4908.827,0.000,0.8798,6.539,8884.709,2.267,
37,37,motorway,12,13,"LINESTRING (-96.780394 43.544005, -96.793634 43.490771)",3.000000,1.864512,3.000000,60.000000,0.000000,25900.200640,23900.200640,-1,,network_wide,-1,0,-1,-1,1.0,motorway,60.0,25900.2,1.0,1.0,12440.2,4999.4,12440.2,4999.4,25900.2,25900.2,0.0,0.0,0.4803,0.1930,3.0,3.0,12909.5,5195.7,3.4,1.4,12440.2,12440.2,25900.201,0.000,0.4803,3.024,12909.473,3.424,4999.4,4999.4,25900.201,0.000,0.1930,3.001,5195.658,1.383,
38,38,motorway,13,12,"LINESTRING (-96.793120 43.490643, -96.779880 43.543877)",3.000000,1.864512,3.000000,60.000000,0.000000,25900.200640,23900.200640,-1,,network_wide,-1,0,-1,-1,1.0,motorway,60.0,25900.2,1.0,1.0,12539.5,5028.1,12539.5,5028.1,25900.2,25900.2,0.0,0.0,0.4841,0.1941,3.0,3.0,13011.8,5225.5,3.5,1.4,12539.5,12539.5,25900.201,0.000,0.4841,3.025,13011.840,3.451,5028.1,5028.1,25900.201,0.000,0.1941,3.001,5225.532,1.391,
39,39,motorway,13,24,"LINESTRING (-96.793305 43.490452, -96.749128 43.502909)",4.000000,2.486016,4.000000,60.000000,0.000000,5091.256152,3091.256152,-1,,network_wide,-1,0,-1,-1,1.0,motorway,60.0,5091.3,1.0,1.0,11089.0,4521.1,11089.0,4521.1,5091.3,5091.3,0.0,0.0,2.1780,0.8880,17.5,4.4,29091.6,6199.5,3.9,1.6,11089.0,11089.0,5091.256,0.000,2.1780,17.503,29091.575,3.851,4521.1,4521.1,5091.256,0.000,0.8880,4.373,6199.531,1.579,
40,40,motorway,14,11,"LINESTRING (-96.750781 43.529234, -96.746586 43.544059)",4.000000,2.486016,4.000000,60.000000,0.000000,4876.508287,2876.508287,-1,,network_wide,-1,0,-1,-1,1.0,motorway,60.0,4876.5,1.0,1.0,9823.2,5495.4,9823.2,5495.4,4876.5,4876.5,0.0,0.0,2.0144,1.1269,13.9,5.0,21764.9,7573.8,3.2,1.8,9823.2,9823.2,4876.508,0.000,2.0144,13.879,21764.860,3.176,5495.4,5495.4,4876.508,0.000,1.1269,4.968,7573.843,1.812,
41,41,motorway,14,15,"LINESTRING (-96.751034 43.529041, -96.731502 43.529136)",5.000000,3.107520,5.000000,60.000000,0.000000,5127.526119,3127.526119,-1,,network_wide,-1,0,-1,-1,1.0,motorway,60.0,5127.5,1.0,1.0,9018.0,3018.9,9018.0,3018.9,5127.5,5127.5,0.0,0.0,1.7587,0.5888,12.2,5.1,19957.2,5212.3,3.4,1.4,9018.0,9018.0,5127.526,0.000,1.7587,12.176,19957.236,3.428,3018.9,3018.9,5127.526,0.000,0.5888,5.090,5212.296,1.376,
42,42,motorway,14,23,"LINESTRING (-96.751300 43.529304, -96.751169 43.514856)",4.000000,2.486016,4.000000,60.000000,0.000000,4924.790605,2924.790605,-1,,network_wide,-1,0,-1,-1,1.0,motorway,60.0,4924.8,1.0,1.0,8359.2,3150.4,8359.2,3150.4,4924.8,4924.8,0.0,0.0,1.6974,0.6397,9.0,4.1,14157.2,4346.7,2.5,1.1,8359.2,8359.2,4924.791,0.000,1.6974,8.980,14157.227,2.529,3150.4,3150.4,4924.791,0.000,0.6397,4.100,4346.661,1.143,
43,43,motorway,15,10,"LINESTRING (-96.731239 43.529400, -96.731173 43.545270)",6.000000,3.729024,6.000000,60.000000,0.000000,13512.001550,11512.001550,-1,,network_wide,-1,0,-1,-1,1.0,motorway,60.0,13512.0,1.0,1.0,23196.5,6870.2,23196.5,6870.2,13512.0,13512.0,0.0,0.0,1.7167,0.5084,13.8,6.1,59732.1,14253.4,10.5,3.8,23196.5,23196.5,13512.002,0.000,1.7167,13.817,59732.122,10.541,6870.2,6870.2,13512.002,0.000,0.5084,6.060,14253.380,3.777,
44,44,motorway,15,14,"LINESTRING (-96.731505 43.529666, -96.751037 43.529571)",5.000000,3.107520,5.000000,60.000000,0.000000,5127.526119,3127.526119,-1,,network_wide,-1,0,-1,-1,1.0,motorway,60.0,5127.5,1.0,1.0,9064.5,3021.1,9064.5,3021.1,5127.5,5127.5,0.0,0.0,1.7678,0.5892,12.3,5.1,20199.0,5216.0,3.4,1.4,9064.5,9064.5,5127.526,0.000,1.7678,12.325,20199.016,3.450,3021.1,3021.1,5127.526,0.000,0.5892,5.090,5216.046,1.377,
45,45,motorway,15,19,"LINESTRING (-96.731501 43.529136, -96.711314 43.529326)",3.000000,1.864512,3.000000,60.000000,0.000000,14564.753150,12564.753150,-1,,network_wide,-1,0,-1,-1,1.0,motorway,60.0,14564.8,1.0,1.0,19110.9,8243.4,19110.9,8243.4,14564.8,14564.8,0.0,0.0,1.3121,0.5660,4.3,3.0,20324.5,8543.3,4.5,2.3,19110.9,19110.9,14564.753,0.000,1.3121,4.334,20324.504,4.513,8243.4,8243.4,14564.753,0.000,0.5660,3.046,8543.266,2.258,
46,46,motorway,15,22,"LINESTRING (-96.731768 43.529396, -96.731506 43.514853)",3.000000,1.864512,3.000000,60.000000,0.000000,9599.180565,7599.180565,-1,,network_wide,-1,0,-1,-1,1.0,motorway,60.0,9599.2,1.0,1.0,18347.0,8884.3,18347.0,8884.3,9599.2,9599.2,0.0,0.0,1.9113,0.9255,9.0,3.3,27660.6,9132.2,4.3,2.3,18347.0,18347.0,9599.181,0.000,1.9113,9.005,27660.617,4.308,8884.3,8884.3,9599.181,0.000,0.9255,3.330,9132.246,2.309,
47,47,motorway,16,8,"LINESTRING (-96.711117 43.546744, -96.711117 43.562324)",5.000000,3.107520,5.000000,60.000000,0.000000,5045.822583,3045.822583,-1,,network_wide,-1,0,-1,-1,1.0,motorway,60.0,5045.8,1.0,1.0,8409.8,5200.0,8409.8,5200.0,5045.8,5045.8,0.0,0.0,1.6667,1.0306,10.8,5.8,17440.4,8914.5,3.2,2.2,8409.8,8409.8,5045.823,0.000,1.6667,10.787,17440.369,3.177,5200.0,5200.0,5045.823,0.000,1.0306,5.846,8914.450,2.197,
48,48,motorway,16,10,"LINESTRING (-96.711401 43.547008, -96.731457 43.545535)",4.000000,2.486016,4.000000,60.000000,0.000000,4854.917717,2854.917717,-1,,network_wide,-1,0,-1,-1,1.0,motorway,60.0,4854.9,1.0,1.0,11073.0,6684.6,11073.0,6684.6,4854.9,4854.9,0.0,0.0,2.2808,1.3769,20.2,6.2,32512.9,9648.1,4.1,2.1,11073.0,11073.0,4854.918,0.000,2.2808,20.236,32512.922,4.068,6684.6,6684.6,4854.918,0.000,1.3769,6.156,9648.137,2.076,
49,49,motorway,16,17,"LINESTRING (-96.711647 43.546744, -96.711647 43.541280)",2.000000,1.243008,2.000000,60.000000,0.000000,5229.910063,3229.910063,-1,,network_wide,-1,0,-1,-1,1.0,motorway,60.0,5229.9,1.0,1.0,11560.7,6046.3,11560.7,6046.3,5229.9,5229.9,0.0,0.0,2.2105,1.1561,9.2,2.5,15706.8,4177.4,2.0,1.0,11560.7,11560.7,5229.910,0.000,2.2105,9.163,15706.756,2.042,6046.3,6046.3,5229.910,0.000,1.1561,2.536,4177.418,0.989,
50,50,motorway,16,18,"LINESTRING (-96.711382 43.546479, -96.694078 43.546479)",3.000000,1.864512,3.000000,60.000000,0.000000,19679.896710,17679.896710,-1,,network_wide,-1,0,-1,-1,1.0,motorway,60.0,19679.9,1.0,1.0,15496.7,5077.6,15496.7,5077.6,19679.9,19679.9,0.0,0.0,0.7874,0.2580,3.2,3.0,15974.2,5276.4,4.1,1.4,15496.7,15496.7,19679.897,0.000,0.7874,3.173,15974.247,4.137,5077.6,5077.6,19679.897,0.000,0.2580,3.002,5276.449,1.405,
51,51,motorway,17,10,"LINESTRING (-96.711330 43.541540, -96.731386 43.545531)",8.000000,4.972032,8.000000,60.000000,0.000000,4993.510694,2993.510694,-1,,network_wide,-1,0,-1,-1,1.0,motorway,60.0,4993.5,1.0,1.0,8100.0,2560.0,8100.0,2560.0,4993.5,4993.5,0.0,0.0,1.6221,0.5127,16.3,8.1,26135.4,7081.1,4.9,1.9,8100.0,8100.0,4993.511,0.000,1.6221,16.308,26135.404,4.894,2560.0,2560.0,4993.511,0.000,0.5127,8.083,7081.132,1.876,
52,52,motorway,17,16,"LINESTRING (-96.711117 43.541280, -96.711117 43.546744)",2.000000,1.243008,2.000000,60.000000,0.000000,5229.910063,3229.910063,-1,,network_wide,-1,0,-1,-1,1.0,motorway,60.0,5229.9,1.0,1.0,11557.1,6046.3,11557.1,6046.3,5229.9,5229.9,0.0,0.0,2.2098,1.1561,9.2,2.5,15690.2,4177.5,2.0,1.0,11557.1,11557.1,5229.910,0.000,2.2098,9.154,15690.169,2.040,6046.3,6046.3,5229.910,0.000,1.1561,2.536,4177.461,0.989,
53,53,motorway,17,19,"LINESTRING (-96.711647 43.541279, -96.711581 43.529590)",2.000000,1.243008,2.000000,60.000000,0.000000,4823.950831,2823.950831,-1,,network_wide,-1,0,-1,-1,1.0,motorway,60.0,4824.0,1.0,1.0,9894.5,6686.3,9894.5,6686.3,4824.0,4824.0,0.0,0.0,2.0511,1.3861,7.3,3.1,11369.6,4839.3,1.6,1.0,9894.5,9894.5,4823.951,0.000,2.0511,7.310,11369.631,1.622,6686.3,6686.3,4823.951,0.000,1.3861,3.107,4839.262,1.036,
54,54,motorway,18,7,"LINESTRING (-96.693814 43.546733, -96.693158 43.563833)",2.000000,1.243008,2.000000,60.000000,0.000000,23403.473190,21403.473190,-1,,network_wide,-1,0,-1,-1,1.0,motorway,60.0,23403.5,1.0,1.0,15986.0,5040.0,15986.0,5040.0,23403.5,23403.5,0.0,0.0,0.6831,0.2154,2.1,2.0,11016.5,3491.8,2.9,0.9,15986.0,15986.0,23403.473,0.000,0.6831,2.065,11016.548,2.887,5040.0,5040.0,23403.473,0.000,0.2154,2.001,3491.823,0.930,
55,55,motorway,18,16,"LINESTRING (-96.694078 43.547008, -96.711382 43.547008)",3.000000,1.864512,3.000000,60.000000,0.000000,19679.896710,17679.896710,-1,,network_wide,-1,0,-1,-1,1.0,motorway,60.0,19679.9,1.0,1.0,15536.6,5079.9,15536.6,5079.9,19679.9,19679.9,0.0,0.0,0.7895,0.2581,3.2,3.0,16014.5,5278.9,4.1,1.4,15536.6,15536.6,19679.897,0.000,0.7895,3.175,16014.546,4.146,5079.9,5079.9,19679.897,0.000,0.2581,3.002,5278.877,1.405,
56,56,motorway,18,20,"LINESTRING (-96.694311 43.546870, -96.711418 43.515460)",4.000000,2.486016,4.000000,60.000000,0.000000,23403.473190,21403.473190,-1,,network_wide,-1,0,-1,-1,1.0,motorway,60.0,23403.5,1.0,1.0,19187.3,5678.1,19187.3,5678.1,23403.5,23403.5,0.0,0.0,0.8198,0.2426,4.3,4.0,26349.3,7867.6,6.8,2.1,19187.3,19187.3,23403.473,0.000,0.8198,4.271,26349.317,6.792,5678.1,5678.1,23403.473,0.000,0.2426,4.002,7867.582,2.095,
57,57,motorway,19,15,"LINESTRING (-96.711319 43.529856, -96.731506 43.529666)",3.000000,1.864512,3.000000,60.000000,0.000000,14564.753150,12564.753150,-1,,network_wide,-1,0,-1,-1,1.0,motorway,60.0,14564.8,1.0,1.0,19150.2,8280.2,19150.2,8280.2,14564.8,14564.8,0.0,0.0,1.3148,0.5685,4.3,3.0,20379.4,8581.1,4.5,2.3,19150.2,19150.2,14564.753,0.000,1.3148,4.345,20379.426,4.519,8280.2,8280.2,14564.753,0.000,0.5685,3.047,8581.065,2.267,
58,58,motorway,19,17,"LINESTRING (-96.711051 43.529593, -96.711117 43.541282)",2.000000,1.243008,2.000000,60.000000,0.000000,4823.950831,2823.950831,-1,,network_wide,-1,0,-1,-1,1.0,motorway,60.0,4824.0,1.0,1.0,9891.0,6686.3,9891.0,6686.3,4824.0,4824.0,0.0,0.0,2.0504,1.3861,7.3,3.1,11357.0,4839.3,1.6,1.0,9891.0,9891.0,4823.951,0.000,2.0504,7.302,11357.015,1.621,6686.3,6686.3,4823.951,0.000,1.3861,3.107,4839.320,1.036,
59,59,motorway,19,20,"LINESTRING (-96.711581 43.529589, -96.711450 43.515331)",4.000000,2.486016,4.000000,60.000000,0.000000,5002.607563,3002.607563,-1,,network_wide,-1,0,-1,-1,1.0,motorway,60.0,5002.6,1.0,1.0,8618.7,2757.1,8618.7,2757.1,5002.6,5002.6,0.0,0.0,1.7228,0.5511,9.3,4.1,14860.5,3810.8,2.6,1.0,8618.7,8618.7,5002.608,0.000,1.7228,9.286,14860.542,2.612,2757.1,2757.1,5002.608,0.000,0.5511,4.055,3810.812,1.008,
60,60,motorway,20,18,"LINESTRING (-96.710953 43.515207, -96.693846 43.546617)",4.000000,2.486016,4.000000,60.000000,0.000000,23403.473190,21403.473190,-1,,network_wide,-1,0,-1,-1,1.0,motorway,60.0,23403.5,1.0,1.0,19182.0,5640.5,19182.0,5640.5,23403.5,23403.5,0.0,0.0,0.8196,0.2410,4.3,4.0,26342.2,7815.4,6.8,2.1,19182.0,19182.0,23403.473,0.000,0.8196,4.271,26342.211,6.790,5640.5,5640.5,23403.473,0.000,0.2410,4.002,7815.419,2.081,
61,61,motorway,20,19,"LINESTRING (-96.710920 43.515336, -96.711051 43.529594)",4.000000,2.486016,4.000000,60.000000,0.000000,5002.607563,3002.607563,-1,,network_wide,-1,0,-1,-1,1.0,motorway,60.0,5002.6,1.0,1.0,8654.4,2794.0,8654.4,2794.0,5002.6,5002.6,0.0,0.0,1.7300,0.5585,9.4,4.1,14998.9,3861.3,2.6,1.0,8654.4,8654.4,5002.608,0.000,1.7300,9.374,14998.886,2.625,2794.0,2794.0,5002.608,0.000,0.5585,4.058,3861.335,1.021,
62,62,motorway,20,21,"LINESTRING (-96.711248 43.515591, -96.731042 43.510742)",6.000000,3.729024,6.000000,60.000000,0.000000,5059.912340,3059.912340,-1,,network_wide,-1,0,-1,-1,1.0,motorway,60.0,5059.9,1.0,1.0,6257.7,2121.5,6257.7,2121.5,5059.9,5059.9,0.0,0.0,1.2367,0.4193,8.1,6.0,13109.1,4405.7,3.0,1.2,6257.7,6257.7,5059.912,0.000,1.2367,8.105,13109.117,3.009,2121.5,2121.5,5059.912,0.000,0.4193,6.028,4405.717,1.171,
63,63,motorway,20,22,"LINESTRING (-96.711191 43.515598, -96.731248 43.515123)",5.000000,3.107520,5.000000,60.000000,0.000000,5075.697193,3075.697193,-1,,network_wide,-1,0,-1,-1,1.0,motorway,60.0,5075.7,1.0,1.0,7000.0,2193.7,7000.0,2193.7,5075.7,5075.7,0.0,0.0,1.3791,0.4322,7.7,5.0,12638.1,3796.1,2.7,1.0,7000.0,7000.0,5075.697,0.000,1.3791,7.713,12638.145,2.716,2193.7,2193.7,5075.697,0.000,0.4322,5.026,3796.068,1.008,
64,64,motorway,21,20,"LINESTRING (-96.730916 43.510228, -96.711122 43.515076)",6.000000,3.729024,6.000000,60.000000,0.000000,5059.912340,3059.912340,-1,,network_wide,-1,0,-1,-1,1.0,motorway,60.0,5059.9,1.0,1.0,6188.1,2080.8,6188.1,2080.8,5059.9,5059.9,0.0,0.0,1.2230,0.4112,8.0,6.0,12934.7,4321.5,3.0,1.1,6188.1,6188.1,5059.912,0.000,1.2230,8.013,12934.743,2.986,2080.8,2080.8,5059.912,0.000,0.4112,6.026,4321.483,1.148,
65,65,motorway,21,22,"LINESTRING (-96.730715 43.510501, -96.730977 43.514874)",2.000000,1.243008,2.000000,60.000000,0.000000,5229.910063,3229.910063,-1,,network_wide,-1,0,-1,-1,1.0,motorway,60.0,5229.9,1.0,1.0,8541.8,5040.3,8541.8,5040.3,5229.9,5229.9,0.0,0.0,1.6333,0.9637,4.1,2.3,6937.2,3453.4,1.3,0.9,8541.8,8541.8,5229.910,0.000,1.6333,4.135,6937.175,1.290,5040.3,5040.3,5229.910,0.000,0.9637,2.259,3453.392,0.866,
66,66,motorway,21,24,"LINESTRING (-96.731078 43.510731, -96.749299 43.503410)",3.000000,1.864512,3.000000,60.000000,0.000000,4885.357564,2885.357564,-1,,network_wide,-1,0,-1,-1,1.0,motorway,60.0,4885.4,1.0,1.0,10310.5,5309.8,10310.5,5309.8,4885.4,4885.4,0.0,0.0,2.1105,1.0869,11.9,3.6,18885.9,5473.9,2.6,1.3,10310.5,10310.5,4885.358,0.000,2.1105,11.928,18885.884,2.600,5309.8,5309.8,4885.358,0.000,1.0869,3.628,5473.890,1.327,
67,67,motorway,22,15,"LINESTRING (-96.730977 43.514863, -96.731239 43.529406)",3.000000,1.864512,3.000000,60.000000,0.000000,9599.180565,7599.180565,-1,,network_wide,-1,0,-1,-1,1.0,motorway,60.0,9599.2,1.0,1.0,18322.5,8892.3,18322.5,8892.3,9599.2,9599.2,0.0,0.0,1.9088,0.9264,9.0,3.3,27560.0,9140.4,4.3,2.3,18322.5,18322.5,9599.181,0.000,1.9088,8.973,27559.963,4.299,8892.3,8892.3,9599.181,0.000,0.9264,3.331,9140.448,2.311,
68,68,motorway,22,20,"LINESTRING (-96.731235 43.514593, -96.711179 43.515069)",5.000000,3.107520,5.000000,60.000000,0.000000,5075.697193,3075.697193,-1,,network_wide,-1,0,-1,-1,1.0,motorway,60.0,5075.7,1.0,1.0,7000.0,2193.7,7000.0,2193.7,5075.7,5075.7,0.0,0.0,1.3791,0.4322,7.7,5.0,12638.1,3796.0,2.7,1.0,7000.0,7000.0,5075.697,0.000,1.3791,7.713,12638.145,2.716,2193.7,2193.7,5075.697,0.000,0.4322,5.026,3795.973,1.008,
69,69,motorway,22,21,"LINESTRING (-96.731506 43.514842, -96.731244 43.510469)",2.000000,1.243008,2.000000,60.000000,0.000000,5229.910063,3229.910063,-1,,network_wide,-1,0,-1,-1,1.0,motorway,60.0,5229.9,1.0,1.0,8528.5,5028.4,8528.5,5028.4,5229.9,5229.9,0.0,0.0,1.6307,0.9615,4.1,2.3,6915.5,3445.2,1.3,0.9,8528.5,8528.5,5229.910,0.000,1.6307,4.121,6915.523,1.288,5028.4,5028.4,5229.910,0.000,0.9615,2.256,3445.202,0.864,
70,70,motorway,22,23,"LINESTRING (-96.731241 43.515123, -96.750904 43.515123)",4.000000,2.486016,4.000000,60.000000,0.000000,5000.000000,3000.000000,-1,,network_wide,-1,0,-1,-1,1.0,motorway,60.0,5000.0,1.0,1.0,9642.7,4274.3,9642.7,4274.3,5000.0,5000.0,0.0,0.0,1.9285,0.8549,12.3,4.3,19690.2,5864.9,3.0,1.5,9642.7,9642.7,5000.000,0.000,1.9285,12.300,19690.169,3.033,4274.3,4274.3,5000.000,0.000,0.8549,4.320,5864.950,1.503,
71,71,motorway,23,14,"LINESTRING (-96.750640 43.514861, -96.750771 43.529309)",4.000000,2.486016,4.000000,60.000000,0.000000,4924.790605,2924.790605,-1,,network_wide,-1,0,-1,-1,1.0,motorway,60.0,4924.8,1.0,1.0,8354.2,3154.3,8354.2,3154.3,4924.8,4924.8,0.0,0.0,1.6964,0.6405,9.0,4.1,14138.7,4352.0,2.5,1.1,8354.2,8354.2,4924.791,0.000,1.6964,8.968,14138.699,2.528,3154.3,3154.3,4924.791,0.000,0.6405,4.101,4352.034,1.145,
72,72,motorway,23,22,"LINESTRING (-96.750904 43.514593, -96.731241 43.514593)",4.000000,2.486016,4.000000,60.000000,0.000000,5000.000000,3000.000000,-1,,network_wide,-1,0,-1,-1,1.0,motorway,60.0,5000.0,1.0,1.0,9604.8,4270.4,9604.8,4270.4,5000.0,5000.0,0.0,0.0,1.9210,0.8541,12.2,4.3,19477.4,5859.6,3.0,1.5,9604.8,9604.8,5000.000,0.000,1.9210,12.170,19477.392,3.015,4270.4,4270.4,5000.000,0.000,0.8541,4.319,5859.627,1.502,
73,73,motorway,23,24,"LINESTRING (-96.751166 43.514820, -96.749462 43.503126)",2.000000,1.243008,2.000000,60.000000,0.000000,5078.508436,3078.508436,-1,,network_wide,-1,0,-1,-1,1.0,motorway,60.0,5078.5,1.0,1.0,7877.7,2280.0,7877.7,2280.0,5078.5,5078.5,0.0,0.0,1.5512,0.4490,3.7,2.0,6107.7,1577.9,1.2,0.4,7877.7,7877.7,5078.508,0.000,1.5512,3.737,6107.697,1.194,2280.0,2280.0,5078.508,0.000,0.4490,2.012,1577.881,0.419,
74,74,motorway,24,13,"LINESTRING (-96.749272 43.503419, -96.793448 43.490962)",4.000000,2.486016,4.000000,60.000000,0.000000,5091.256152,3091.256152,-1,,network_wide,-1,0,-1,-1,1.0,motorway,60.0,5091.3,1.0,1.0,11088.2,4509.8,11088.2,4509.8,5091.3,5091.3,0.0,0.0,2.1779,0.8858,17.5,4.4,29084.9,6184.3,3.9,1.6,11088.2,11088.2,5091.256,0.000,2.1779,17.499,29084.860,3.851,4509.8,4509.8,5091.256,0.000,0.8858,4.369,6184.340,1.576,
75,75,motorway,24,21,"LINESTRING (-96.749102 43.502919, -96.730880 43.510239)",3.000000,1.864512,3.000000,60.000000,0.000000,4885.357564,2885.357564,-1,,network_wide,-1,0,-1,-1,1.0,motorway,60.0,4885.4,1.0,1.0,10254.2,5281.1,10254.2,5281.1,4885.4,4885.4,0.0,0.0,2.0990,1.0810,11.7,3.6,18559.2,5442.6,2.6,1.3,10254.2,10254.2,4885.358,0.000,2.0990,11.734,18559.250,2.573,5281.1,5281.1,4885.358,0.000,1.0810,3.615,5442.553,1.322,
76,76,motorway,24,23,"LINESTRING (-96.748938 43.503202, -96.750642 43.514896)",2.000000,1.243008,2.000000,60.000000,0.000000,5078.508436,3078.508436,-1,,network_wide,-1,0,-1,-1,1.0,motorway,60.0,5078.5,1.0,1.0,7834.8,2280.0,7834.8,2280.0,5078.5,5078.5,0.0,0.0,1.5427,0.4490,3.7,2.0,6048.2,1577.9,1.2,0.4,7834.8,7834.8,5078.508,0.000,1.5427,3.699,6048.236,1.188,2280.0,2280.0,5078.508,0.000,0.4490,2.012,1577.881,0.419,
